event_id,event_start_utc,event_end_utc,duration_hours,duration_minutes,interval_count,start_year,duration_group
1,2021-01-15T15:50:00Z,2021-01-15T15:55:00Z,0.0833333333333333,4.999999999999998,1,2021,Under 30 min
2,2021-01-15T17:19:00Z,2021-01-15T17:24:00Z,0.0833333333333333,4.999999999999998,1,2021,Under 30 min
3,2021-01-15T19:55:00Z,2021-01-15T20:10:00Z,0.25,15.0,1,2021,Under 30 min
4,2021-01-15T23:01:00Z,2021-01-15T23:06:00Z,0.0833333333333333,4.999999999999998,1,2021,Under 30 min
5,2021-01-16T03:25:00Z,2021-01-16T03:37:00Z,0.2,12.0,1,2021,Under 30 min
6,2021-01-16T04:51:00Z,2021-01-16T05:24:00Z,0.5499999999999998,32.999999999999986,2,2021,30-59 min
7,2021-01-18T10:47:00Z,2021-01-18T10:55:00Z,0.1333333333333333,7.999999999999998,1,2021,Under 30 min
8,2021-01-18T11:38:00Z,2021-01-18T11:45:00Z,0.1166666666666666,6.999999999999996,1,2021,Under 30 min
9,2021-01-18T13:51:00Z,2021-01-18T13:55:00Z,0.0666666666666666,3.9999999999999956,1,2021,Under 30 min
10,2021-01-29T12:41:00Z,2021-01-29T12:55:00Z,0.2333333333333333,13.999999999999998,1,2021,Under 30 min
11,2021-01-29T14:17:00Z,2021-01-29T14:27:00Z,0.1666666666666666,9.999999999999996,1,2021,Under 30 min
12,2021-02-06T17:39:00Z,2021-02-06T17:46:00Z,0.1166666666666666,6.999999999999996,1,2021,Under 30 min
13,2021-02-09T11:09:00Z,2021-02-09T11:26:00Z,0.2833333333333333,17.0,1,2021,Under 30 min
14,2021-02-09T19:08:00Z,2021-02-09T19:16:00Z,0.1333333333333333,7.999999999999998,1,2021,Under 30 min
15,2021-02-24T16:01:00Z,2021-02-24T16:09:00Z,0.1333333333333333,7.999999999999998,1,2021,Under 30 min
16,2021-05-29T10:41:00Z,2021-05-29T10:49:00Z,0.1333333333333333,7.999999999999998,1,2021,Under 30 min
17,2021-06-14T10:40:00Z,2021-06-14T10:55:00Z,0.25,15.0,1,2021,Under 30 min
18,2021-06-14T11:06:00Z,2021-06-14T11:16:00Z,0.1666666666666666,9.999999999999996,1,2021,Under 30 min
19,2021-06-16T12:13:00Z,2021-06-16T12:19:00Z,0.1,6.0,1,2021,Under 30 min
20,2021-06-25T11:11:00Z,2021-06-25T11:34:00Z,0.3833333333333333,23.0,1,2021,Under 30 min
21,2021-06-25T11:44:00Z,2021-06-25T11:51:00Z,0.1166666666666666,6.999999999999996,1,2021,Under 30 min
22,2021-06-25T11:55:00Z,2021-06-25T12:12:00Z,0.2833333333333333,17.0,1,2021,Under 30 min
23,2021-07-24T14:36:00Z,2021-07-24T14:55:00Z,0.3166666666666666,18.999999999999996,1,2021,Under 30 min
24,2021-07-28T15:27:00Z,2021-07-28T15:30:00Z,0.05,3.0,1,2021,Under 30 min
25,2021-07-28T15:36:00Z,2021-07-28T15:46:00Z,0.1666666666666666,9.999999999999996,1,2021,Under 30 min
26,2021-07-30T13:55:00Z,2021-07-30T14:20:00Z,0.4166666666666667,25.0,1,2021,Under 30 min
27,2021-08-04T13:26:00Z,2021-08-04T13:41:00Z,0.25,15.0,1,2021,Under 30 min
28,2021-08-10T14:27:00Z,2021-08-10T14:47:00Z,0.3333333333333333,20.0,1,2021,Under 30 min
29,2021-08-10T15:03:00Z,2021-08-10T15:11:00Z,0.1333333333333333,7.999999999999998,1,2021,Under 30 min
30,2021-08-13T08:02:00Z,2021-08-13T08:29:00Z,0.45,27.0,1,2021,Under 30 min
31,2021-08-13T09:14:00Z,2021-08-13T09:55:00Z,0.6833333333333333,41.0,1,2021,30-59 min
32,2021-08-13T11:23:00Z,2021-08-13T11:28:00Z,0.0833333333333333,4.999999999999998,1,2021,Under 30 min
33,2021-08-13T11:42:00Z,2021-08-13T11:55:00Z,0.2166666666666666,12.999999999999995,1,2021,Under 30 min
34,2021-08-13T13:02:00Z,2021-08-13T13:55:00Z,0.8833333333333333,53.0,1,2021,30-59 min
35,2021-08-14T02:40:00Z,2021-08-14T02:55:00Z,0.25,15.0,1,2021,Under 30 min
36,2021-08-14T08:38:00Z,2021-08-14T08:55:00Z,0.2833333333333333,17.0,1,2021,Under 30 min
37,2021-08-14T09:13:00Z,2021-08-14T09:39:00Z,0.4333333333333333,25.999999999999996,1,2021,Under 30 min
38,2021-08-15T06:05:00Z,2021-08-15T06:28:00Z,0.3833333333333333,23.0,1,2021,Under 30 min
39,2021-08-24T13:05:00Z,2021-08-24T13:22:00Z,0.2833333333333333,17.0,1,2021,Under 30 min
40,2021-08-28T11:37:00Z,2021-08-28T11:50:00Z,0.2166666666666666,12.999999999999995,1,2021,Under 30 min
41,2021-08-28T13:55:00Z,2021-08-28T13:58:00Z,0.05,3.0,1,2021,Under 30 min
42,2021-08-28T14:09:00Z,2021-08-28T14:18:00Z,0.15,9.0,1,2021,Under 30 min
43,2021-08-28T15:55:00Z,2021-08-28T16:09:00Z,0.2333333333333333,13.999999999999998,1,2021,Under 30 min
44,2021-09-02T12:24:00Z,2021-09-02T12:44:00Z,0.3333333333333333,20.0,1,2021,Under 30 min
45,2021-09-03T13:04:00Z,2021-09-03T13:19:00Z,0.25,15.0,1,2021,Under 30 min
46,2021-09-03T13:55:00Z,2021-09-03T14:02:00Z,0.1166666666666666,6.999999999999996,1,2021,Under 30 min
47,2021-09-04T11:55:00Z,2021-09-04T12:04:00Z,0.15,9.0,1,2021,Under 30 min
48,2021-09-04T12:41:00Z,2021-09-04T12:45:00Z,0.0666666666666666,3.9999999999999956,1,2021,Under 30 min
49,2021-09-06T10:51:00Z,2021-09-06T10:55:00Z,0.0666666666666666,3.9999999999999956,1,2021,Under 30 min
50,2021-09-09T11:32:00Z,2021-09-09T11:45:00Z,0.2166666666666666,12.999999999999995,1,2021,Under 30 min
51,2021-09-09T12:30:00Z,2021-09-09T12:45:00Z,0.25,15.0,1,2021,Under 30 min
52,2021-09-09T13:43:00Z,2021-09-09T13:55:00Z,0.2,12.0,1,2021,Under 30 min
53,2021-09-09T15:59:00Z,2021-09-09T16:23:00Z,0.4,24.0,1,2021,Under 30 min
54,2021-09-23T12:57:00Z,2021-09-23T13:18:00Z,0.35,21.0,1,2021,Under 30 min
55,2021-09-23T13:51:00Z,2021-09-23T14:08:00Z,0.2833333333333332,16.999999999999993,2,2021,Under 30 min
56,2021-09-30T16:03:00Z,2021-09-30T16:13:00Z,0.1666666666666666,9.999999999999996,1,2021,Under 30 min
57,2021-10-01T07:53:00Z,2021-10-01T07:55:00Z,0.0333333333333333,1.9999999999999978,1,2021,Under 30 min
58,2021-10-01T10:29:00Z,2021-10-01T10:45:00Z,0.2666666666666666,15.999999999999996,1,2021,Under 30 min
59,2021-10-01T11:53:00Z,2021-10-01T12:21:00Z,0.46666666666666656,27.999999999999993,2,2021,Under 30 min
60,2021-10-01T12:26:00Z,2021-10-01T12:43:00Z,0.2833333333333333,17.0,1,2021,Under 30 min
61,2021-10-01T13:05:00Z,2021-10-01T13:12:00Z,0.1166666666666666,6.999999999999996,1,2021,Under 30 min
62,2021-10-02T12:27:00Z,2021-10-02T12:39:00Z,0.2,12.0,1,2021,Under 30 min
63,2021-10-02T14:02:00Z,2021-10-02T14:37:00Z,0.5833333333333334,35.0,1,2021,30-59 min
64,2021-10-07T15:18:00Z,2021-10-07T15:22:00Z,0.0666666666666666,3.9999999999999956,1,2021,Under 30 min
65,2021-10-11T14:18:00Z,2021-10-11T14:31:00Z,0.2166666666666666,12.999999999999995,1,2021,Under 30 min
66,2021-10-11T15:06:00Z,2021-10-11T15:14:00Z,0.1333333333333333,7.999999999999998,1,2021,Under 30 min
67,2021-10-12T11:20:00Z,2021-10-12T11:29:00Z,0.15,9.0,1,2021,Under 30 min
68,2021-10-12T12:09:00Z,2021-10-12T12:11:00Z,0.0333333333333333,1.9999999999999978,1,2021,Under 30 min
69,2021-11-07T19:00:00Z,2021-11-07T19:05:00Z,0.0833333333333333,4.999999999999998,1,2021,Under 30 min
70,2021-11-12T22:36:00Z,2021-11-12T22:50:00Z,0.2333333333333333,13.999999999999998,1,2021,Under 30 min
71,2021-11-13T05:04:00Z,2021-11-13T05:08:00Z,0.0666666666666666,3.9999999999999956,1,2021,Under 30 min
72,2021-11-13T06:55:00Z,2021-11-13T07:24:00Z,0.4833333333333333,28.999999999999996,1,2021,Under 30 min
73,2021-11-13T07:53:00Z,2021-11-13T08:09:00Z,0.2666666666666666,15.999999999999996,2,2021,Under 30 min
74,2021-11-13T09:35:00Z,2021-11-13T10:33:00Z,0.9666666666666666,57.99999999999999,2,2021,30-59 min
75,2021-11-15T19:30:00Z,2021-11-15T19:35:00Z,0.0833333333333333,4.999999999999998,1,2021,Under 30 min
76,2021-11-17T07:28:00Z,2021-11-17T07:35:00Z,0.1166666666666666,6.999999999999996,1,2021,Under 30 min
77,2021-11-17T08:53:00Z,2021-11-17T09:26:00Z,0.55,33.0,2,2021,30-59 min
78,2021-11-20T15:44:00Z,2021-11-20T15:47:00Z,0.05,3.0,1,2021,Under 30 min
79,2021-11-20T16:01:00Z,2021-11-20T16:08:00Z,0.1166666666666666,6.999999999999996,1,2021,Under 30 min
80,2021-11-20T18:15:00Z,2021-11-20T18:21:00Z,0.1,6.0,1,2021,Under 30 min
81,2021-11-24T06:58:00Z,2021-11-24T07:04:00Z,0.1,6.0,1,2021,Under 30 min
82,2021-11-24T13:55:00Z,2021-11-24T14:19:00Z,0.4,24.0,1,2021,Under 30 min
83,2021-11-26T18:44:00Z,2021-11-26T18:55:00Z,0.1833333333333333,10.999999999999998,1,2021,Under 30 min
84,2021-11-26T20:24:00Z,2021-11-26T20:29:00Z,0.0833333333333333,4.999999999999998,1,2021,Under 30 min
85,2021-11-29T15:45:00Z,2021-11-29T15:48:00Z,0.05,3.0,1,2021,Under 30 min
86,2021-11-29T16:55:00Z,2021-11-29T17:09:00Z,0.2333333333333332,13.999999999999991,2,2021,Under 30 min
87,2021-12-01T11:10:00Z,2021-12-01T11:31:00Z,0.35,21.0,1,2021,Under 30 min
88,2021-12-01T11:35:00Z,2021-12-01T11:46:00Z,0.1833333333333333,10.999999999999998,1,2021,Under 30 min
89,2021-12-01T13:04:00Z,2021-12-01T13:10:00Z,0.1,6.0,1,2021,Under 30 min
90,2021-12-18T20:45:00Z,2021-12-18T20:57:00Z,0.1999999999999999,11.999999999999995,3,2021,Under 30 min
91,2021-12-26T13:53:00Z,2021-12-26T14:03:00Z,0.1666666666666666,9.999999999999996,2,2021,Under 30 min
92,2021-12-26T16:44:00Z,2021-12-26T16:55:00Z,0.1833333333333333,10.999999999999998,1,2021,Under 30 min
93,2021-12-26T17:37:00Z,2021-12-26T17:44:00Z,0.1166666666666666,6.999999999999996,1,2021,Under 30 min
94,2021-12-26T18:40:00Z,2021-12-26T18:55:00Z,0.25,15.0,1,2021,Under 30 min
95,2021-12-26T22:22:00Z,2021-12-26T22:28:00Z,0.1,6.0,1,2021,Under 30 min
96,2022-01-13T21:43:00Z,2022-01-13T22:11:00Z,0.4666666666666666,27.999999999999996,2,2022,Under 30 min
97,2022-01-14T04:57:00Z,2022-01-14T05:07:00Z,0.1666666666666666,9.999999999999996,1,2022,Under 30 min
98,2022-01-14T05:42:00Z,2022-01-14T05:46:00Z,0.0666666666666666,3.9999999999999956,1,2022,Under 30 min
99,2022-01-14T08:41:00Z,2022-01-14T08:51:00Z,0.1666666666666666,9.999999999999996,1,2022,Under 30 min
100,2022-01-14T15:36:00Z,2022-01-14T15:55:00Z,0.3166666666666666,18.999999999999996,1,2022,Under 30 min
101,2022-01-15T03:33:00Z,2022-01-15T03:43:00Z,0.1666666666666666,9.999999999999996,1,2022,Under 30 min
102,2022-01-15T06:48:00Z,2022-01-15T06:59:00Z,0.18333333333333318,10.999999999999991,2,2022,Under 30 min
103,2022-01-15T07:25:00Z,2022-01-15T07:42:00Z,0.2833333333333333,17.0,2,2022,Under 30 min
104,2022-01-15T08:37:00Z,2022-01-15T08:44:00Z,0.1166666666666666,6.999999999999996,1,2022,Under 30 min
105,2022-01-15T11:55:00Z,2022-01-15T12:55:00Z,1.0,60.0,1,2022,1-2 hours
106,2022-01-15T13:46:00Z,2022-01-15T13:55:00Z,0.15,9.0,1,2022,Under 30 min
107,2022-01-15T15:44:00Z,2022-01-15T15:55:00Z,0.1833333333333333,10.999999999999998,1,2022,Under 30 min
108,2022-01-15T23:24:00Z,2022-01-15T23:32:00Z,0.1333333333333333,7.999999999999998,1,2022,Under 30 min
109,2022-01-16T06:58:00Z,2022-01-16T07:10:00Z,0.2,12.0,1,2022,Under 30 min
110,2022-01-18T13:12:00Z,2022-01-18T13:19:00Z,0.1166666666666666,6.999999999999996,1,2022,Under 30 min
111,2022-01-18T13:43:00Z,2022-01-18T15:18:00Z,1.5833333333333333,95.0,3,2022,1-2 hours
112,2022-01-18T15:26:00Z,2022-01-18T15:55:00Z,0.4833333333333333,28.999999999999996,1,2022,Under 30 min
113,2022-01-19T07:17:00Z,2022-01-19T07:31:00Z,0.2333333333333333,13.999999999999998,1,2022,Under 30 min
114,2022-01-19T20:34:00Z,2022-01-19T20:41:00Z,0.1166666666666666,6.999999999999996,1,2022,Under 30 min
115,2022-01-19T20:48:00Z,2022-01-19T21:15:00Z,0.44999999999999984,26.99999999999999,3,2022,Under 30 min
116,2022-01-20T16:33:00Z,2022-01-20T16:39:00Z,0.1,6.0,1,2022,Under 30 min
117,2022-01-24T18:55:00Z,2022-01-24T19:08:00Z,0.2166666666666666,12.999999999999995,1,2022,Under 30 min
118,2022-02-02T11:44:00Z,2022-02-02T12:06:00Z,0.3666666666666666,21.999999999999996,2,2022,Under 30 min
119,2022-02-02T13:43:00Z,2022-02-02T13:55:00Z,0.2,12.0,1,2022,Under 30 min
120,2022-02-02T20:44:00Z,2022-02-02T20:55:00Z,0.1833333333333333,10.999999999999998,1,2022,Under 30 min
121,2022-02-08T05:55:00Z,2022-02-08T06:27:00Z,0.5333333333333333,32.0,1,2022,30-59 min
122,2022-02-08T07:08:00Z,2022-02-08T07:43:00Z,0.5833333333333334,35.0,1,2022,30-59 min
123,2022-02-08T08:45:00Z,2022-02-08T08:55:00Z,0.1666666666666666,9.999999999999996,1,2022,Under 30 min
124,2022-02-08T09:16:00Z,2022-02-08T09:25:00Z,0.15,9.0,1,2022,Under 30 min
125,2022-02-08T17:55:00Z,2022-02-08T18:01:00Z,0.1,6.0,1,2022,Under 30 min
126,2022-02-09T08:44:00Z,2022-02-09T08:48:00Z,0.0666666666666666,3.9999999999999956,1,2022,Under 30 min
127,2022-02-09T08:58:00Z,2022-02-09T09:06:00Z,0.1333333333333333,7.999999999999998,1,2022,Under 30 min
128,2022-02-10T07:34:00Z,2022-02-10T07:55:00Z,0.35,21.0,1,2022,Under 30 min
129,2022-02-10T09:17:00Z,2022-02-10T09:55:00Z,0.6333333333333333,38.0,1,2022,30-59 min
130,2022-02-10T10:55:00Z,2022-02-10T11:28:00Z,0.55,33.0,1,2022,30-59 min
131,2022-02-10T11:40:00Z,2022-02-10T11:55:00Z,0.25,15.0,1,2022,Under 30 min
132,2022-02-11T07:43:00Z,2022-02-11T07:47:00Z,0.0666666666666666,3.9999999999999956,1,2022,Under 30 min
133,2022-02-11T10:21:00Z,2022-02-11T10:27:00Z,0.1,6.0,1,2022,Under 30 min
134,2022-02-18T11:02:00Z,2022-02-18T11:05:00Z,0.05,3.0,1,2022,Under 30 min
135,2022-02-18T12:26:00Z,2022-02-18T12:43:00Z,0.2833333333333333,17.0,1,2022,Under 30 min
136,2022-02-18T13:59:00Z,2022-02-18T14:44:00Z,0.75,45.0,1,2022,30-59 min
137,2022-02-19T19:09:00Z,2022-02-19T19:26:00Z,0.2833333333333333,17.0,1,2022,Under 30 min
138,2022-03-02T08:18:00Z,2022-03-02T08:33:00Z,0.25,15.0,2,2022,Under 30 min
139,2022-03-02T17:47:00Z,2022-03-02T17:55:00Z,0.1333333333333333,7.999999999999998,1,2022,Under 30 min
140,2022-03-05T07:40:00Z,2022-03-05T07:59:00Z,0.3166666666666666,18.999999999999996,2,2022,Under 30 min
141,2022-03-09T11:30:00Z,2022-03-09T11:36:00Z,0.1,6.0,1,2022,Under 30 min
142,2022-03-09T11:41:00Z,2022-03-09T11:48:00Z,0.1166666666666666,6.999999999999996,1,2022,Under 30 min
143,2022-03-09T14:33:00Z,2022-03-09T14:39:00Z,0.1,6.0,1,2022,Under 30 min
144,2022-03-09T15:06:00Z,2022-03-09T15:12:00Z,0.1,6.0,1,2022,Under 30 min
145,2022-03-13T16:13:00Z,2022-03-13T17:11:00Z,0.9666666666666666,57.99999999999999,3,2022,30-59 min
146,2022-03-13T17:43:00Z,2022-03-13T17:55:00Z,0.2,12.0,1,2022,Under 30 min
147,2022-03-16T12:59:00Z,2022-03-16T13:27:00Z,0.46666666666666656,27.999999999999993,2,2022,Under 30 min
148,2022-03-16T14:55:00Z,2022-03-16T15:09:00Z,0.2333333333333333,13.999999999999998,1,2022,Under 30 min
149,2022-03-21T20:55:00Z,2022-03-21T21:06:00Z,0.1833333333333333,10.999999999999998,1,2022,Under 30 min
150,2022-03-23T05:34:00Z,2022-03-23T05:53:00Z,0.3166666666666666,18.999999999999996,1,2022,Under 30 min
151,2022-03-23T07:10:00Z,2022-03-23T08:55:00Z,1.75,105.0,2,2022,1-2 hours
152,2022-03-24T12:49:00Z,2022-03-24T12:55:00Z,0.0999999999999999,5.999999999999994,2,2022,Under 30 min
153,2022-03-28T14:19:00Z,2022-03-28T14:29:00Z,0.1666666666666666,9.999999999999996,1,2022,Under 30 min
154,2022-04-16T09:31:00Z,2022-04-16T09:55:00Z,0.4,24.0,1,2022,Under 30 min
155,2022-04-16T12:33:00Z,2022-04-16T12:55:00Z,0.3666666666666666,21.999999999999996,1,2022,Under 30 min
156,2022-04-16T13:15:00Z,2022-04-16T13:19:00Z,0.0666666666666666,3.9999999999999956,1,2022,Under 30 min
157,2022-05-31T12:40:00Z,2022-05-31T12:49:00Z,0.15,9.0,1,2022,Under 30 min
158,2022-06-06T09:39:00Z,2022-06-06T09:47:00Z,0.1333333333333333,7.999999999999998,1,2022,Under 30 min
159,2022-06-06T10:15:00Z,2022-06-06T10:29:00Z,0.2333333333333333,13.999999999999998,1,2022,Under 30 min
160,2022-06-07T12:31:00Z,2022-06-07T12:46:00Z,0.25,15.0,1,2022,Under 30 min
161,2022-07-05T12:07:00Z,2022-07-05T12:14:00Z,0.1166666666666666,6.999999999999996,1,2022,Under 30 min
162,2022-07-05T13:42:00Z,2022-07-05T13:55:00Z,0.2166666666666666,12.999999999999995,1,2022,Under 30 min
163,2022-07-09T12:07:00Z,2022-07-09T12:16:00Z,0.15,9.0,1,2022,Under 30 min
164,2022-07-09T12:27:00Z,2022-07-09T12:41:00Z,0.2333333333333333,13.999999999999998,1,2022,Under 30 min
165,2022-07-25T10:13:00Z,2022-07-25T10:23:00Z,0.1666666666666666,9.999999999999996,1,2022,Under 30 min
166,2022-07-25T11:29:00Z,2022-07-25T11:55:00Z,0.4333333333333333,25.999999999999996,1,2022,Under 30 min
167,2022-07-25T12:42:00Z,2022-07-25T12:53:00Z,0.1833333333333333,10.999999999999998,1,2022,Under 30 min
168,2022-07-26T08:36:00Z,2022-07-26T08:43:00Z,0.1166666666666666,6.999999999999996,1,2022,Under 30 min
169,2022-07-26T09:17:00Z,2022-07-26T09:27:00Z,0.1666666666666666,9.999999999999996,1,2022,Under 30 min
170,2022-07-26T11:07:00Z,2022-07-26T11:33:00Z,0.4333333333333333,25.999999999999996,1,2022,Under 30 min
171,2022-07-27T02:29:00Z,2022-07-27T02:50:00Z,0.35,21.0,1,2022,Under 30 min
172,2022-07-27T03:33:00Z,2022-07-27T03:55:00Z,0.3666666666666666,21.999999999999996,1,2022,Under 30 min
173,2022-07-29T08:41:00Z,2022-07-29T09:06:00Z,0.41666666666666663,24.999999999999996,2,2022,Under 30 min
174,2022-07-30T08:14:00Z,2022-07-30T09:02:00Z,0.7999999999999999,47.99999999999999,2,2022,30-59 min
175,2022-07-30T09:52:00Z,2022-07-30T10:46:00Z,0.9,54.0,2,2022,30-59 min
176,2022-07-30T11:16:00Z,2022-07-30T12:13:00Z,0.95,57.0,2,2022,30-59 min
177,2022-07-30T14:55:00Z,2022-07-30T15:29:00Z,0.5666666666666667,34.0,1,2022,30-59 min
178,2022-07-31T09:55:00Z,2022-07-31T10:37:00Z,0.7,42.0,1,2022,30-59 min
179,2022-07-31T10:55:00Z,2022-07-31T11:28:00Z,0.55,33.0,1,2022,30-59 min
180,2022-07-31T12:55:00Z,2022-07-31T13:29:00Z,0.5666666666666667,34.0,1,2022,30-59 min
181,2022-07-31T17:01:00Z,2022-07-31T17:24:00Z,0.3833333333333333,23.0,1,2022,Under 30 min
182,2022-08-06T12:05:00Z,2022-08-06T12:21:00Z,0.2666666666666666,15.999999999999996,1,2022,Under 30 min
183,2022-08-06T14:12:00Z,2022-08-06T14:22:00Z,0.1666666666666666,9.999999999999996,1,2022,Under 30 min
184,2022-08-11T12:53:00Z,2022-08-11T13:24:00Z,0.5166666666666666,30.999999999999996,2,2022,30-59 min
185,2022-08-11T15:25:00Z,2022-08-11T15:47:00Z,0.3666666666666666,21.999999999999996,1,2022,Under 30 min
186,2022-08-15T09:32:00Z,2022-08-15T09:45:00Z,0.2166666666666666,12.999999999999995,1,2022,Under 30 min
187,2022-08-15T13:29:00Z,2022-08-15T13:41:00Z,0.2,12.0,1,2022,Under 30 min
188,2022-08-17T11:01:00Z,2022-08-17T11:39:00Z,0.6333333333333333,38.0,1,2022,30-59 min
189,2022-08-17T13:28:00Z,2022-08-17T13:55:00Z,0.45,27.0,1,2022,Under 30 min
190,2022-08-17T15:29:00Z,2022-08-17T15:33:00Z,0.0666666666666666,3.9999999999999956,1,2022,Under 30 min
191,2022-08-18T13:18:00Z,2022-08-18T13:55:00Z,0.6166666666666667,37.0,1,2022,30-59 min
192,2022-08-18T14:47:00Z,2022-08-18T14:55:00Z,0.1333333333333333,7.999999999999998,1,2022,Under 30 min
193,2022-08-27T01:13:00Z,2022-08-27T01:28:00Z,0.25,15.0,1,2022,Under 30 min
194,2022-08-29T09:36:00Z,2022-08-29T09:45:00Z,0.15,9.0,1,2022,Under 30 min
195,2022-08-29T09:55:00Z,2022-08-29T09:57:00Z,0.0333333333333333,1.9999999999999978,1,2022,Under 30 min
196,2022-09-04T03:43:00Z,2022-09-04T03:55:00Z,0.2,12.0,1,2022,Under 30 min
197,2022-09-04T05:36:00Z,2022-09-04T05:55:00Z,0.3166666666666666,18.999999999999996,1,2022,Under 30 min
198,2022-09-04T07:55:00Z,2022-09-04T08:22:00Z,0.45,27.0,1,2022,Under 30 min
199,2022-09-05T11:22:00Z,2022-09-05T11:53:00Z,0.5166666666666667,31.000000000000004,1,2022,30-59 min
200,2022-09-12T10:16:00Z,2022-09-12T10:32:00Z,0.2666666666666666,15.999999999999996,1,2022,Under 30 min
201,2022-09-14T10:15:00Z,2022-09-14T10:55:00Z,0.6666666666666666,40.0,1,2022,30-59 min
202,2022-09-14T11:26:00Z,2022-09-14T11:58:00Z,0.5333333333333333,32.0,2,2022,30-59 min
203,2022-09-25T13:36:00Z,2022-09-25T13:55:00Z,0.3166666666666666,18.999999999999996,1,2022,Under 30 min
204,2022-09-26T12:28:00Z,2022-09-26T12:48:00Z,0.3333333333333333,20.0,1,2022,Under 30 min
205,2022-09-26T14:55:00Z,2022-09-26T15:55:00Z,1.0,60.0,2,2022,1-2 hours
206,2022-09-27T08:31:00Z,2022-09-27T09:18:00Z,0.7833333333333333,47.0,2,2022,30-59 min
207,2022-09-27T09:55:00Z,2022-09-27T10:44:00Z,0.8166666666666667,49.0,1,2022,30-59 min
208,2022-10-02T15:55:00Z,2022-10-02T16:18:00Z,0.3833333333333333,23.0,1,2022,Under 30 min
209,2022-10-06T05:07:00Z,2022-10-06T05:55:00Z,0.8,48.0,1,2022,30-59 min
210,2022-10-06T10:23:00Z,2022-10-06T10:28:00Z,0.0833333333333333,4.999999999999998,1,2022,Under 30 min
211,2022-10-07T04:13:00Z,2022-10-07T05:55:00Z,1.7,102.0,2,2022,1-2 hours
212,2022-10-07T07:11:00Z,2022-10-07T07:18:00Z,0.1166666666666666,6.999999999999996,1,2022,Under 30 min
213,2022-10-08T04:55:00Z,2022-10-08T05:10:00Z,0.25,15.0,1,2022,Under 30 min
214,2022-10-08T09:13:00Z,2022-10-08T09:48:00Z,0.5833333333333334,35.0,1,2022,30-59 min
215,2022-10-08T11:55:00Z,2022-10-08T12:25:00Z,0.5,30.0,1,2022,30-59 min
216,2022-10-08T12:36:00Z,2022-10-08T12:55:00Z,0.3166666666666666,18.999999999999996,1,2022,Under 30 min
217,2022-10-08T13:28:00Z,2022-10-08T13:55:00Z,0.45,27.0,1,2022,Under 30 min
218,2022-10-08T14:24:00Z,2022-10-08T14:50:00Z,0.4333333333333333,25.999999999999996,1,2022,Under 30 min
219,2022-10-08T14:55:00Z,2022-10-08T15:55:00Z,1.0,60.0,1,2022,1-2 hours
220,2022-10-08T19:48:00Z,2022-10-08T20:21:00Z,0.5499999999999999,32.99999999999999,2,2022,30-59 min
221,2022-10-09T06:05:00Z,2022-10-09T06:17:00Z,0.2,12.0,1,2022,Under 30 min
222,2022-10-10T04:34:00Z,2022-10-10T04:47:00Z,0.2166666666666666,12.999999999999995,1,2022,Under 30 min
223,2022-10-10T10:19:00Z,2022-10-10T10:31:00Z,0.2,12.0,1,2022,Under 30 min
224,2022-10-11T00:55:00Z,2022-10-11T01:08:00Z,0.2166666666666666,12.999999999999995,1,2022,Under 30 min
225,2022-10-11T14:28:00Z,2022-10-11T14:37:00Z,0.15,9.0,1,2022,Under 30 min
226,2022-10-14T13:21:00Z,2022-10-14T13:31:00Z,0.1666666666666666,9.999999999999996,1,2022,Under 30 min
227,2022-10-14T13:45:00Z,2022-10-14T13:55:00Z,0.1666666666666666,9.999999999999996,1,2022,Under 30 min
228,2022-10-14T14:27:00Z,2022-10-14T14:39:00Z,0.2,12.0,1,2022,Under 30 min
229,2022-10-14T15:02:00Z,2022-10-14T15:07:00Z,0.0833333333333333,4.999999999999998,1,2022,Under 30 min
230,2022-10-14T15:29:00Z,2022-10-14T15:51:00Z,0.3666666666666666,21.999999999999996,1,2022,Under 30 min
231,2022-10-18T13:59:00Z,2022-10-18T14:12:00Z,0.2166666666666666,12.999999999999995,1,2022,Under 30 min
232,2022-10-19T19:09:00Z,2022-10-19T19:17:00Z,0.1333333333333333,7.999999999999998,1,2022,Under 30 min
233,2022-10-20T09:28:00Z,2022-10-20T09:51:00Z,0.3833333333333333,23.0,1,2022,Under 30 min
234,2022-10-20T13:58:00Z,2022-10-20T14:10:00Z,0.2,12.0,1,2022,Under 30 min
235,2022-10-20T18:19:00Z,2022-10-20T18:33:00Z,0.2333333333333333,13.999999999999998,1,2022,Under 30 min
236,2022-10-20T19:44:00Z,2022-10-20T19:53:00Z,0.15,9.0,1,2022,Under 30 min
237,2022-10-21T04:17:00Z,2022-10-21T04:24:00Z,0.1166666666666666,6.999999999999996,1,2022,Under 30 min
238,2022-10-21T04:43:00Z,2022-10-21T04:55:00Z,0.2,12.0,1,2022,Under 30 min
239,2022-10-25T23:02:00Z,2022-10-25T23:12:00Z,0.1666666666666666,9.999999999999996,2,2022,Under 30 min
240,2022-10-29T04:42:00Z,2022-10-29T04:53:00Z,0.1833333333333333,10.999999999999998,1,2022,Under 30 min
241,2022-10-29T07:26:00Z,2022-10-29T07:47:00Z,0.35,21.0,1,2022,Under 30 min
242,2022-10-29T10:26:00Z,2022-10-29T10:47:00Z,0.35,21.0,1,2022,Under 30 min
243,2022-10-29T12:29:00Z,2022-10-29T12:52:00Z,0.3833333333333333,23.0,1,2022,Under 30 min
244,2022-11-13T15:55:00Z,2022-11-13T16:04:00Z,0.15,9.0,1,2022,Under 30 min
245,2022-11-23T10:55:00Z,2022-11-23T11:02:00Z,0.1166666666666666,6.999999999999996,1,2022,Under 30 min
246,2022-11-26T02:48:00Z,2022-11-26T02:55:00Z,0.1166666666666666,6.999999999999996,1,2022,Under 30 min
247,2022-11-26T04:02:00Z,2022-11-26T04:17:00Z,0.2499999999999999,14.999999999999993,2,2022,Under 30 min
248,2022-11-26T08:30:00Z,2022-11-26T08:44:00Z,0.2333333333333333,13.999999999999998,1,2022,Under 30 min
249,2022-11-26T13:57:00Z,2022-11-26T14:05:00Z,0.1333333333333333,7.999999999999998,1,2022,Under 30 min
250,2022-12-09T04:42:00Z,2022-12-09T04:52:00Z,0.1666666666666666,9.999999999999996,1,2022,Under 30 min
251,2022-12-09T04:55:00Z,2022-12-09T05:12:00Z,0.2833333333333333,17.0,1,2022,Under 30 min
252,2022-12-11T13:48:00Z,2022-12-11T14:40:00Z,0.8666666666666666,51.99999999999999,2,2022,30-59 min
253,2022-12-11T16:55:00Z,2022-12-11T17:02:00Z,0.1166666666666666,6.999999999999996,1,2022,Under 30 min
254,2022-12-12T15:08:00Z,2022-12-12T15:21:00Z,0.2166666666666666,12.999999999999995,1,2022,Under 30 min
255,2022-12-12T15:32:00Z,2022-12-12T15:38:00Z,0.1,6.0,1,2022,Under 30 min
256,2022-12-17T09:20:00Z,2022-12-17T09:29:00Z,0.15,9.0,1,2022,Under 30 min
257,2022-12-18T04:12:00Z,2022-12-18T04:49:00Z,0.6166666666666667,37.0,1,2022,30-59 min
258,2022-12-18T07:19:00Z,2022-12-18T07:31:00Z,0.2,12.0,1,2022,Under 30 min
259,2022-12-23T16:50:00Z,2022-12-23T17:02:00Z,0.1999999999999999,11.999999999999995,2,2022,Under 30 min
260,2022-12-23T19:55:00Z,2022-12-23T20:24:00Z,0.4833333333333333,28.999999999999996,1,2022,Under 30 min
261,2022-12-23T22:07:00Z,2022-12-23T22:29:00Z,0.3666666666666666,21.999999999999996,1,2022,Under 30 min
262,2022-12-23T22:50:00Z,2022-12-23T22:55:00Z,0.0833333333333333,4.999999999999998,1,2022,Under 30 min
263,2022-12-25T17:05:00Z,2022-12-25T17:14:00Z,0.15,9.0,1,2022,Under 30 min
264,2022-12-25T17:31:00Z,2022-12-25T17:38:00Z,0.1166666666666666,6.999999999999996,1,2022,Under 30 min
265,2022-12-25T17:55:00Z,2022-12-25T18:09:00Z,0.2333333333333333,13.999999999999998,1,2022,Under 30 min
266,2022-12-29T19:27:00Z,2022-12-29T19:36:00Z,0.15,9.0,1,2022,Under 30 min
267,2022-12-29T20:40:00Z,2022-12-29T20:50:00Z,0.1666666666666666,9.999999999999996,1,2022,Under 30 min
268,2023-01-01T05:44:00Z,2023-01-01T06:08:00Z,0.3999999999999999,23.999999999999993,3,2023,Under 30 min
269,2023-01-01T08:11:00Z,2023-01-01T08:20:00Z,0.15,9.0,1,2023,Under 30 min
270,2023-01-01T14:40:00Z,2023-01-01T14:52:00Z,0.2,12.0,1,2023,Under 30 min
271,2023-01-01T17:13:00Z,2023-01-01T17:24:00Z,0.1833333333333333,10.999999999999998,1,2023,Under 30 min
272,2023-01-19T04:53:00Z,2023-01-19T05:03:00Z,0.1666666666666666,9.999999999999996,2,2023,Under 30 min
273,2023-01-19T11:17:00Z,2023-01-19T11:35:00Z,0.3,18.0,1,2023,Under 30 min
274,2023-01-26T13:21:00Z,2023-01-26T13:32:00Z,0.1833333333333333,10.999999999999998,1,2023,Under 30 min
275,2023-01-26T18:43:00Z,2023-01-26T18:50:00Z,0.1166666666666666,6.999999999999996,1,2023,Under 30 min
276,2023-01-28T16:43:00Z,2023-01-28T16:51:00Z,0.1333333333333333,7.999999999999998,1,2023,Under 30 min
277,2023-02-11T15:55:00Z,2023-02-11T15:58:00Z,0.05,3.0,1,2023,Under 30 min
278,2023-02-12T13:48:00Z,2023-02-12T13:55:00Z,0.1166666666666666,6.999999999999996,1,2023,Under 30 min
279,2023-02-15T17:22:00Z,2023-02-15T17:30:00Z,0.1333333333333333,7.999999999999998,1,2023,Under 30 min
280,2023-02-18T04:20:00Z,2023-02-18T04:55:00Z,0.5833333333333334,35.0,1,2023,30-59 min
281,2023-02-23T06:24:00Z,2023-02-23T06:35:00Z,0.1833333333333333,10.999999999999998,1,2023,Under 30 min
282,2023-03-08T13:01:00Z,2023-03-08T13:12:00Z,0.1833333333333333,10.999999999999998,1,2023,Under 30 min
283,2023-03-12T23:34:00Z,2023-03-12T23:42:00Z,0.1333333333333333,7.999999999999998,1,2023,Under 30 min
284,2023-04-14T11:44:00Z,2023-04-14T11:55:00Z,0.1833333333333333,10.999999999999998,1,2023,Under 30 min
285,2023-04-26T13:44:00Z,2023-04-26T13:55:00Z,0.1833333333333333,10.999999999999998,1,2023,Under 30 min
286,2023-04-27T16:53:00Z,2023-04-27T17:05:00Z,0.1999999999999999,11.999999999999995,2,2023,Under 30 min
287,2023-05-25T13:43:00Z,2023-05-25T13:55:00Z,0.2,12.0,1,2023,Under 30 min
288,2023-06-21T13:24:00Z,2023-06-21T13:34:00Z,0.1666666666666666,9.999999999999996,1,2023,Under 30 min
289,2023-06-21T14:30:00Z,2023-06-21T14:34:00Z,0.0666666666666666,3.9999999999999956,1,2023,Under 30 min
290,2023-06-23T11:20:00Z,2023-06-23T12:28:00Z,1.1333333333333333,68.0,2,2023,1-2 hours
291,2023-06-23T14:11:00Z,2023-06-23T14:21:00Z,0.1666666666666666,9.999999999999996,1,2023,Under 30 min
292,2023-07-04T11:19:00Z,2023-07-04T11:36:00Z,0.2833333333333333,17.0,1,2023,Under 30 min
293,2023-07-04T11:48:00Z,2023-07-04T11:55:00Z,0.1166666666666666,6.999999999999996,1,2023,Under 30 min
294,2023-07-05T13:36:00Z,2023-07-05T13:52:00Z,0.2666666666666666,15.999999999999996,1,2023,Under 30 min
295,2023-07-25T08:10:00Z,2023-07-25T08:55:00Z,0.75,45.0,2,2023,30-59 min
296,2023-07-25T09:26:00Z,2023-07-25T09:31:00Z,0.0833333333333333,4.999999999999998,1,2023,Under 30 min
297,2023-07-25T09:55:00Z,2023-07-25T10:02:00Z,0.1166666666666666,6.999999999999996,1,2023,Under 30 min
298,2023-07-25T10:33:00Z,2023-07-25T10:43:00Z,0.1666666666666666,9.999999999999996,1,2023,Under 30 min
299,2023-07-25T10:55:00Z,2023-07-25T10:59:00Z,0.0666666666666666,3.9999999999999956,1,2023,Under 30 min
300,2023-07-25T11:09:00Z,2023-07-25T11:41:00Z,0.5333333333333332,31.999999999999993,2,2023,30-59 min
301,2023-08-06T15:12:00Z,2023-08-06T15:20:00Z,0.1333333333333333,7.999999999999998,1,2023,Under 30 min
302,2023-08-17T06:18:00Z,2023-08-17T06:35:00Z,0.2833333333333333,17.0,1,2023,Under 30 min
303,2023-08-30T00:09:00Z,2023-08-30T00:17:00Z,0.1333333333333333,7.999999999999998,1,2023,Under 30 min
304,2023-08-31T19:05:00Z,2023-08-31T19:24:00Z,0.3166666666666666,18.999999999999996,1,2023,Under 30 min
305,2023-09-01T10:39:00Z,2023-09-01T10:55:00Z,0.2666666666666666,15.999999999999996,1,2023,Under 30 min
306,2023-09-01T11:29:00Z,2023-09-01T11:41:00Z,0.2,12.0,1,2023,Under 30 min
307,2023-09-01T12:13:00Z,2023-09-01T12:31:00Z,0.3,18.0,1,2023,Under 30 min
308,2023-09-01T12:55:00Z,2023-09-01T13:04:00Z,0.15,9.0,1,2023,Under 30 min
309,2023-09-07T07:18:00Z,2023-09-07T07:24:00Z,0.1,6.0,1,2023,Under 30 min
310,2023-09-07T09:14:00Z,2023-09-07T09:40:00Z,0.4333333333333333,25.999999999999996,1,2023,Under 30 min
311,2023-09-07T13:01:00Z,2023-09-07T13:18:00Z,0.2833333333333333,17.0,1,2023,Under 30 min
312,2023-09-07T13:55:00Z,2023-09-07T14:02:00Z,0.1166666666666666,6.999999999999996,1,2023,Under 30 min
313,2023-09-13T07:55:00Z,2023-09-13T07:58:00Z,0.05,3.0,1,2023,Under 30 min
314,2023-09-13T08:04:00Z,2023-09-13T08:55:00Z,0.85,51.0,1,2023,30-59 min
315,2023-09-13T11:37:00Z,2023-09-13T11:46:00Z,0.15,9.0,1,2023,Under 30 min
316,2023-09-13T11:55:00Z,2023-09-13T12:48:00Z,0.8833333333333333,53.0,1,2023,30-59 min
317,2023-09-14T12:30:00Z,2023-09-14T12:39:00Z,0.15,9.0,1,2023,Under 30 min
318,2023-09-15T11:19:00Z,2023-09-15T11:23:00Z,0.0666666666666666,3.9999999999999956,1,2023,Under 30 min
319,2023-09-23T23:08:00Z,2023-09-23T23:14:00Z,0.1,6.0,1,2023,Under 30 min
320,2023-09-24T08:29:00Z,2023-09-24T08:39:00Z,0.1666666666666666,9.999999999999996,1,2023,Under 30 min
321,2023-09-24T10:04:00Z,2023-09-24T10:14:00Z,0.1666666666666666,9.999999999999996,1,2023,Under 30 min
322,2023-09-25T20:27:00Z,2023-09-25T20:33:00Z,0.1,6.0,1,2023,Under 30 min
323,2023-09-30T11:05:00Z,2023-09-30T11:20:00Z,0.25,15.0,1,2023,Under 30 min
324,2023-09-30T12:10:00Z,2023-09-30T12:25:00Z,0.25,15.0,1,2023,Under 30 min
325,2023-10-01T10:33:00Z,2023-10-01T10:52:00Z,0.3166666666666666,18.999999999999996,1,2023,Under 30 min
326,2023-10-02T17:17:00Z,2023-10-02T17:25:00Z,0.1333333333333333,7.999999999999998,1,2023,Under 30 min
327,2023-10-02T18:31:00Z,2023-10-02T19:05:00Z,0.5666666666666667,34.0,2,2023,30-59 min
328,2023-10-05T05:30:00Z,2023-10-05T05:51:00Z,0.35,21.0,1,2023,Under 30 min
329,2023-10-05T12:55:00Z,2023-10-05T13:22:00Z,0.45,27.0,2,2023,Under 30 min
330,2023-10-05T15:05:00Z,2023-10-05T15:09:00Z,0.0666666666666666,3.9999999999999956,1,2023,Under 30 min
331,2023-10-17T10:22:00Z,2023-10-17T10:30:00Z,0.1333333333333333,7.999999999999998,1,2023,Under 30 min
332,2023-10-18T02:27:00Z,2023-10-18T02:46:00Z,0.3166666666666666,18.999999999999996,1,2023,Under 30 min
333,2023-10-18T04:08:00Z,2023-10-18T04:25:00Z,0.2833333333333333,17.0,1,2023,Under 30 min
334,2023-10-18T07:02:00Z,2023-10-18T07:33:00Z,0.5166666666666667,31.000000000000004,1,2023,30-59 min
335,2023-10-20T04:30:00Z,2023-10-20T04:38:00Z,0.1333333333333333,7.999999999999998,1,2023,Under 30 min
336,2023-10-25T17:26:00Z,2023-10-25T17:33:00Z,0.1166666666666666,6.999999999999996,1,2023,Under 30 min
337,2023-10-26T05:24:00Z,2023-10-26T05:46:00Z,0.3666666666666666,21.999999999999996,1,2023,Under 30 min
338,2023-10-26T11:33:00Z,2023-10-26T11:49:00Z,0.2666666666666666,15.999999999999996,1,2023,Under 30 min
339,2023-10-26T12:03:00Z,2023-10-26T12:18:00Z,0.25,15.0,1,2023,Under 30 min
340,2023-11-03T10:21:00Z,2023-11-03T10:25:00Z,0.0666666666666666,3.9999999999999956,2,2023,Under 30 min
341,2023-11-03T10:32:00Z,2023-11-03T10:40:00Z,0.1333333333333333,7.999999999999998,1,2023,Under 30 min
342,2023-11-03T10:47:00Z,2023-11-03T10:55:00Z,0.1333333333333333,7.999999999999998,1,2023,Under 30 min
343,2023-11-08T12:35:00Z,2023-11-08T12:46:00Z,0.1833333333333333,10.999999999999998,1,2023,Under 30 min
344,2023-11-10T09:40:00Z,2023-11-10T09:55:00Z,0.25,15.0,1,2023,Under 30 min
345,2023-11-10T11:03:00Z,2023-11-10T11:10:00Z,0.1166666666666666,6.999999999999996,1,2023,Under 30 min
346,2023-11-11T13:44:00Z,2023-11-11T13:51:00Z,0.1166666666666666,6.999999999999996,1,2023,Under 30 min
347,2023-11-13T00:05:00Z,2023-11-13T00:09:00Z,0.0666666666666666,3.9999999999999956,1,2023,Under 30 min
348,2023-11-22T13:29:00Z,2023-11-22T13:37:00Z,0.1333333333333333,7.999999999999998,1,2023,Under 30 min
349,2023-11-23T15:48:00Z,2023-11-23T15:55:00Z,0.1166666666666666,6.999999999999996,1,2023,Under 30 min
350,2023-12-03T17:55:00Z,2023-12-03T18:06:00Z,0.1833333333333333,10.999999999999998,1,2023,Under 30 min
351,2023-12-06T13:31:00Z,2023-12-06T13:46:00Z,0.25,15.0,1,2023,Under 30 min
352,2023-12-06T14:28:00Z,2023-12-06T14:42:00Z,0.2333333333333333,13.999999999999998,1,2023,Under 30 min
353,2023-12-10T17:41:00Z,2023-12-10T18:02:00Z,0.3499999999999999,20.999999999999996,2,2023,Under 30 min
354,2023-12-10T21:55:00Z,2023-12-10T22:08:00Z,0.2166666666666666,12.999999999999995,1,2023,Under 30 min
355,2023-12-11T04:14:00Z,2023-12-11T04:58:00Z,0.7333333333333334,44.0,2,2023,30-59 min
356,2023-12-11T13:41:00Z,2023-12-11T13:55:00Z,0.2333333333333333,13.999999999999998,1,2023,Under 30 min
357,2023-12-11T15:03:00Z,2023-12-11T15:55:00Z,0.8666666666666667,52.0,1,2023,30-59 min
358,2023-12-12T09:07:00Z,2023-12-12T09:29:00Z,0.3666666666666666,21.999999999999996,1,2023,Under 30 min
359,2023-12-20T02:48:00Z,2023-12-20T02:55:00Z,0.1166666666666666,6.999999999999996,1,2023,Under 30 min
360,2023-12-20T04:10:00Z,2023-12-20T04:18:00Z,0.1333333333333333,7.999999999999998,1,2023,Under 30 min
361,2023-12-20T04:39:00Z,2023-12-20T04:51:00Z,0.2,12.0,1,2023,Under 30 min
362,2023-12-20T06:10:00Z,2023-12-20T06:47:00Z,0.6166666666666667,37.0,1,2023,30-59 min
363,2023-12-20T06:55:00Z,2023-12-20T07:09:00Z,0.2333333333333333,13.999999999999998,1,2023,Under 30 min
364,2023-12-20T08:55:00Z,2023-12-20T09:32:00Z,0.6166666666666667,37.0,1,2023,30-59 min
365,2023-12-20T09:53:00Z,2023-12-20T09:55:00Z,0.0333333333333333,1.9999999999999978,1,2023,Under 30 min
366,2023-12-20T11:05:00Z,2023-12-20T11:35:00Z,0.5,30.0,1,2023,30-59 min
367,2023-12-21T05:55:00Z,2023-12-21T05:58:00Z,0.05,3.0,1,2023,Under 30 min
368,2023-12-21T06:08:00Z,2023-12-21T06:55:00Z,0.7833333333333333,47.0,1,2023,30-59 min
369,2023-12-21T08:24:00Z,2023-12-21T09:21:00Z,0.95,57.0,2,2023,30-59 min
370,2023-12-23T13:05:00Z,2023-12-23T13:26:00Z,0.35,21.0,1,2023,Under 30 min
371,2023-12-23T14:06:00Z,2023-12-23T14:46:00Z,0.6666666666666666,40.0,1,2023,30-59 min
372,2023-12-23T18:36:00Z,2023-12-23T18:47:00Z,0.1833333333333333,10.999999999999998,1,2023,Under 30 min
373,2023-12-31T08:06:00Z,2023-12-31T08:29:00Z,0.3833333333333333,23.0,2,2023,Under 30 min
374,2023-12-31T09:50:00Z,2023-12-31T09:55:00Z,0.0833333333333333,4.999999999999998,1,2023,Under 30 min
375,2023-12-31T11:34:00Z,2023-12-31T11:55:00Z,0.35,21.0,1,2023,Under 30 min
376,2023-12-31T12:55:00Z,2023-12-31T13:23:00Z,0.4666666666666667,28.0,1,2023,Under 30 min
377,2023-12-31T14:15:00Z,2023-12-31T14:29:00Z,0.2333333333333333,13.999999999999998,1,2023,Under 30 min
378,2023-12-31T14:44:00Z,2023-12-31T14:55:00Z,0.1833333333333333,10.999999999999998,1,2023,Under 30 min
379,2024-01-01T13:43:00Z,2024-01-01T13:50:00Z,0.1166666666666666,6.999999999999996,1,2024,Under 30 min
380,2024-01-04T16:48:00Z,2024-01-04T16:55:00Z,0.1166666666666666,6.999999999999996,1,2024,Under 30 min
381,2024-01-05T04:09:00Z,2024-01-05T04:18:00Z,0.15,9.0,1,2024,Under 30 min
382,2024-01-05T06:17:00Z,2024-01-05T06:26:00Z,0.15,9.0,1,2024,Under 30 min
383,2024-01-17T17:31:00Z,2024-01-17T17:55:00Z,0.4,24.0,1,2024,Under 30 min
384,2024-02-06T06:30:00Z,2024-02-06T06:36:00Z,0.1,6.0,1,2024,Under 30 min
385,2024-02-06T07:45:00Z,2024-02-06T08:03:00Z,0.29999999999999993,17.999999999999996,2,2024,Under 30 min
386,2024-02-06T11:55:00Z,2024-02-06T12:03:00Z,0.1333333333333333,7.999999999999998,1,2024,Under 30 min
387,2024-02-13T06:24:00Z,2024-02-13T06:41:00Z,0.2833333333333333,17.0,1,2024,Under 30 min
388,2024-02-13T08:32:00Z,2024-02-13T08:46:00Z,0.2333333333333333,13.999999999999998,1,2024,Under 30 min
389,2024-02-13T09:24:00Z,2024-02-13T10:55:00Z,1.5166666666666666,91.0,2,2024,1-2 hours
390,2024-02-13T17:02:00Z,2024-02-13T17:12:00Z,0.1666666666666666,9.999999999999996,1,2024,Under 30 min
391,2024-03-18T10:44:00Z,2024-03-18T10:55:00Z,0.1833333333333333,10.999999999999998,1,2024,Under 30 min
392,2024-03-23T18:46:00Z,2024-03-23T18:55:00Z,0.15,9.0,1,2024,Under 30 min
393,2024-04-02T06:55:00Z,2024-04-02T07:19:00Z,0.4,24.0,1,2024,Under 30 min
394,2024-04-02T09:51:00Z,2024-04-02T10:55:00Z,1.0666666666666667,64.0,2,2024,1-2 hours
395,2024-04-02T11:55:00Z,2024-04-02T12:10:00Z,0.25,15.0,1,2024,Under 30 min
396,2024-04-02T12:20:00Z,2024-04-02T12:39:00Z,0.3166666666666666,18.999999999999996,1,2024,Under 30 min
397,2024-04-02T12:55:00Z,2024-04-02T13:52:00Z,0.95,57.0,1,2024,30-59 min
398,2024-04-02T14:01:00Z,2024-04-02T14:13:00Z,0.2,12.0,1,2024,Under 30 min
399,2024-04-06T18:28:00Z,2024-04-06T18:42:00Z,0.2333333333333333,13.999999999999998,1,2024,Under 30 min
400,2024-04-10T09:47:00Z,2024-04-10T09:55:00Z,0.1333333333333333,7.999999999999998,1,2024,Under 30 min
401,2024-04-22T14:14:00Z,2024-04-22T14:25:00Z,0.1833333333333333,10.999999999999998,1,2024,Under 30 min
402,2024-04-22T14:39:00Z,2024-04-22T14:45:00Z,0.1,6.0,1,2024,Under 30 min
403,2024-05-17T00:14:00Z,2024-05-17T00:43:00Z,0.4833333333333333,28.999999999999996,1,2024,Under 30 min
404,2024-06-05T08:04:00Z,2024-06-05T08:13:00Z,0.15,9.0,1,2024,Under 30 min
405,2024-06-05T08:53:00Z,2024-06-05T08:55:00Z,0.0333333333333333,1.9999999999999978,1,2024,Under 30 min
406,2024-06-05T09:37:00Z,2024-06-05T09:55:00Z,0.3,18.0,1,2024,Under 30 min
407,2024-06-05T11:02:00Z,2024-06-05T11:32:00Z,0.5,30.0,1,2024,30-59 min
408,2024-06-05T14:24:00Z,2024-06-05T14:35:00Z,0.1833333333333333,10.999999999999998,1,2024,Under 30 min
409,2024-06-27T15:31:00Z,2024-06-27T15:46:00Z,0.25,15.0,1,2024,Under 30 min
410,2024-06-30T14:19:00Z,2024-06-30T14:26:00Z,0.1166666666666666,6.999999999999996,1,2024,Under 30 min
411,2024-07-07T09:37:00Z,2024-07-07T09:48:00Z,0.1833333333333333,10.999999999999998,1,2024,Under 30 min
412,2024-07-16T13:46:00Z,2024-07-16T13:55:00Z,0.15,9.0,1,2024,Under 30 min
413,2024-07-19T03:32:00Z,2024-07-19T03:40:00Z,0.1333333333333333,7.999999999999998,1,2024,Under 30 min
414,2024-07-20T09:55:00Z,2024-07-20T11:08:00Z,1.2166666666666666,73.0,2,2024,1-2 hours
415,2024-07-20T11:36:00Z,2024-07-20T11:46:00Z,0.1666666666666666,9.999999999999996,1,2024,Under 30 min
416,2024-07-20T11:53:00Z,2024-07-20T11:55:00Z,0.0333333333333333,1.9999999999999978,1,2024,Under 30 min
417,2024-08-08T09:26:00Z,2024-08-08T09:55:00Z,0.4833333333333333,28.999999999999996,1,2024,Under 30 min
418,2024-08-08T11:55:00Z,2024-08-08T12:18:00Z,0.3833333333333333,23.0,1,2024,Under 30 min
419,2024-08-08T13:42:00Z,2024-08-08T14:09:00Z,0.4499999999999999,26.999999999999993,2,2024,Under 30 min
420,2024-08-08T15:04:00Z,2024-08-08T15:15:00Z,0.1833333333333333,10.999999999999998,1,2024,Under 30 min
421,2024-08-09T02:34:00Z,2024-08-09T02:41:00Z,0.1166666666666666,6.999999999999996,1,2024,Under 30 min
422,2024-08-31T11:30:00Z,2024-08-31T11:55:00Z,0.4166666666666667,25.0,1,2024,Under 30 min
423,2024-08-31T16:47:00Z,2024-08-31T17:03:00Z,0.2666666666666666,15.999999999999996,2,2024,Under 30 min
424,2024-09-04T11:02:00Z,2024-09-04T11:15:00Z,0.2166666666666666,12.999999999999995,1,2024,Under 30 min
425,2024-09-04T13:28:00Z,2024-09-04T13:55:00Z,0.45,27.0,1,2024,Under 30 min
426,2024-09-06T13:08:00Z,2024-09-06T13:21:00Z,0.2166666666666666,12.999999999999995,1,2024,Under 30 min
427,2024-09-06T15:44:00Z,2024-09-06T16:03:00Z,0.3166666666666666,18.999999999999996,2,2024,Under 30 min
428,2024-09-07T05:55:00Z,2024-09-07T07:55:00Z,2.0,120.0,2,2024,2+ hours
429,2024-09-15T13:58:00Z,2024-09-15T14:10:00Z,0.2,12.0,1,2024,Under 30 min
430,2024-09-24T04:04:00Z,2024-09-24T04:55:00Z,0.85,51.0,1,2024,30-59 min
431,2024-09-24T08:15:00Z,2024-09-24T08:27:00Z,0.2,12.0,1,2024,Under 30 min
432,2024-09-24T08:42:00Z,2024-09-24T08:55:00Z,0.2166666666666666,12.999999999999995,1,2024,Under 30 min
433,2024-09-24T11:52:00Z,2024-09-24T11:55:00Z,0.05,3.0,1,2024,Under 30 min
434,2024-09-25T03:03:00Z,2024-09-25T04:13:00Z,1.1666666666666667,70.0,2,2024,1-2 hours
435,2024-09-25T04:33:00Z,2024-09-25T04:55:00Z,0.3666666666666666,21.999999999999996,1,2024,Under 30 min
436,2024-09-25T05:30:00Z,2024-09-25T05:41:00Z,0.1833333333333333,10.999999999999998,1,2024,Under 30 min
437,2024-09-25T06:55:00Z,2024-09-25T07:07:00Z,0.2,12.0,1,2024,Under 30 min
438,2024-09-25T07:21:00Z,2024-09-25T08:19:00Z,0.9666666666666667,58.0,2,2024,30-59 min
439,2024-09-25T22:09:00Z,2024-09-25T22:14:00Z,0.0833333333333333,4.999999999999998,1,2024,Under 30 min
440,2024-09-26T10:55:00Z,2024-09-26T11:00:00Z,0.0833333333333333,4.999999999999998,1,2024,Under 30 min
441,2024-10-05T05:25:00Z,2024-10-05T05:31:00Z,0.1,6.0,1,2024,Under 30 min
442,2024-10-05T05:40:00Z,2024-10-05T05:55:00Z,0.25,15.0,1,2024,Under 30 min
443,2024-10-05T14:03:00Z,2024-10-05T14:16:00Z,0.2166666666666666,12.999999999999995,1,2024,Under 30 min
444,2024-10-08T15:19:00Z,2024-10-08T15:33:00Z,0.2333333333333333,13.999999999999998,1,2024,Under 30 min
445,2024-10-08T16:19:00Z,2024-10-08T16:52:00Z,0.5499999999999999,32.99999999999999,2,2024,30-59 min
446,2024-10-10T09:48:00Z,2024-10-10T09:55:00Z,0.1166666666666666,6.999999999999996,1,2024,Under 30 min
447,2024-10-13T14:43:00Z,2024-10-13T14:55:00Z,0.2,12.0,1,2024,Under 30 min
448,2024-10-13T17:07:00Z,2024-10-13T17:21:00Z,0.2333333333333333,13.999999999999998,1,2024,Under 30 min
449,2024-10-14T04:22:00Z,2024-10-14T04:39:00Z,0.2833333333333333,17.0,1,2024,Under 30 min
450,2024-10-14T11:25:00Z,2024-10-14T11:39:00Z,0.2333333333333333,13.999999999999998,1,2024,Under 30 min
451,2024-10-15T04:52:00Z,2024-10-15T05:05:00Z,0.21666666666666662,12.999999999999996,2,2024,Under 30 min
452,2024-10-15T07:44:00Z,2024-10-15T07:55:00Z,0.1833333333333333,10.999999999999998,1,2024,Under 30 min
453,2024-10-15T08:09:00Z,2024-10-15T08:28:00Z,0.3166666666666666,18.999999999999996,1,2024,Under 30 min
454,2024-10-21T05:10:00Z,2024-10-21T05:31:00Z,0.35,21.0,1,2024,Under 30 min
455,2024-10-21T10:45:00Z,2024-10-21T10:55:00Z,0.1666666666666666,9.999999999999996,2,2024,Under 30 min
456,2024-10-21T11:21:00Z,2024-10-21T11:53:00Z,0.5333333333333333,32.0,1,2024,30-59 min
457,2024-10-21T12:18:00Z,2024-10-21T12:32:00Z,0.2333333333333333,13.999999999999998,1,2024,Under 30 min
458,2024-10-21T12:36:00Z,2024-10-21T12:50:00Z,0.2333333333333333,13.999999999999998,1,2024,Under 30 min
459,2024-10-22T14:47:00Z,2024-10-22T14:59:00Z,0.1999999999999999,11.999999999999995,2,2024,Under 30 min
460,2024-10-23T10:18:00Z,2024-10-23T10:42:00Z,0.4,24.0,1,2024,Under 30 min
461,2024-10-23T12:26:00Z,2024-10-23T12:32:00Z,0.1,6.0,1,2024,Under 30 min
462,2024-10-24T14:01:00Z,2024-10-24T14:13:00Z,0.2,12.0,1,2024,Under 30 min
463,2024-10-24T15:42:00Z,2024-10-24T16:19:00Z,0.6166666666666666,36.99999999999999,3,2024,30-59 min
464,2024-10-24T17:30:00Z,2024-10-24T17:33:00Z,0.05,3.0,1,2024,Under 30 min
465,2024-10-29T14:09:00Z,2024-10-29T14:24:00Z,0.25,15.0,1,2024,Under 30 min
466,2024-10-30T16:49:00Z,2024-10-30T16:51:00Z,0.0333333333333333,1.9999999999999978,1,2024,Under 30 min
467,2024-11-09T23:55:00Z,2024-11-09T23:58:00Z,0.05,3.0,1,2024,Under 30 min
468,2024-11-10T07:29:00Z,2024-11-10T07:50:00Z,0.35,21.0,1,2024,Under 30 min
469,2024-11-10T07:55:00Z,2024-11-10T08:15:00Z,0.3333333333333333,20.0,1,2024,Under 30 min
470,2024-11-15T04:19:00Z,2024-11-15T04:29:00Z,0.1666666666666666,9.999999999999996,1,2024,Under 30 min
471,2024-11-15T05:17:00Z,2024-11-15T05:31:00Z,0.2333333333333333,13.999999999999998,1,2024,Under 30 min
472,2024-11-15T08:51:00Z,2024-11-15T09:09:00Z,0.29999999999999993,17.999999999999996,2,2024,Under 30 min
473,2024-11-15T16:01:00Z,2024-11-15T16:10:00Z,0.15,9.0,1,2024,Under 30 min
474,2024-11-26T08:01:00Z,2024-11-26T08:12:00Z,0.1833333333333333,10.999999999999998,1,2024,Under 30 min
475,2024-11-26T10:10:00Z,2024-11-26T10:40:00Z,0.5,30.0,1,2024,30-59 min
476,2024-11-27T16:12:00Z,2024-11-27T16:19:00Z,0.1166666666666666,6.999999999999996,1,2024,Under 30 min
477,2024-11-28T05:33:00Z,2024-11-28T05:43:00Z,0.1666666666666666,9.999999999999996,1,2024,Under 30 min
478,2024-11-28T10:00:00Z,2024-11-28T10:11:00Z,0.1833333333333333,10.999999999999998,1,2024,Under 30 min
479,2024-11-28T11:07:00Z,2024-11-28T11:16:00Z,0.15,9.0,1,2024,Under 30 min
480,2024-11-28T14:02:00Z,2024-11-28T14:07:00Z,0.0833333333333333,4.999999999999998,1,2024,Under 30 min
481,2024-11-29T03:12:00Z,2024-11-29T03:19:00Z,0.1166666666666666,6.999999999999996,1,2024,Under 30 min
482,2025-01-16T06:27:00Z,2025-01-16T07:31:00Z,1.0666666666666667,64.0,2,2025,1-2 hours
483,2025-01-16T07:35:00Z,2025-01-16T07:55:00Z,0.3333333333333333,20.0,1,2025,Under 30 min
484,2025-01-16T08:27:00Z,2025-01-16T08:55:00Z,0.4666666666666667,28.0,1,2025,Under 30 min
485,2025-01-16T09:50:00Z,2025-01-16T09:55:00Z,0.0833333333333333,4.999999999999998,1,2025,Under 30 min
486,2025-01-19T15:32:00Z,2025-01-19T15:55:00Z,0.3833333333333333,23.0,1,2025,Under 30 min
487,2025-01-24T10:38:00Z,2025-01-24T10:58:00Z,0.3333333333333333,20.0,2,2025,Under 30 min
488,2025-02-05T02:50:00Z,2025-02-05T02:57:00Z,0.1166666666666666,6.999999999999996,2,2025,Under 30 min
489,2025-02-05T06:17:00Z,2025-02-05T06:23:00Z,0.1,6.0,1,2025,Under 30 min
490,2025-02-10T12:30:00Z,2025-02-10T12:40:00Z,0.1666666666666666,9.999999999999996,1,2025,Under 30 min
491,2025-02-13T17:55:00Z,2025-02-13T18:15:00Z,0.3333333333333333,20.0,1,2025,Under 30 min
492,2025-02-13T18:28:00Z,2025-02-13T18:47:00Z,0.3166666666666666,18.999999999999996,2,2025,Under 30 min
493,2025-02-28T07:55:00Z,2025-02-28T08:09:00Z,0.2333333333333333,13.999999999999998,1,2025,Under 30 min
494,2025-02-28T08:55:00Z,2025-02-28T09:03:00Z,0.1333333333333333,7.999999999999998,1,2025,Under 30 min
495,2025-02-28T10:09:00Z,2025-02-28T10:25:00Z,0.2666666666666666,15.999999999999996,1,2025,Under 30 min
496,2025-03-01T04:49:00Z,2025-03-01T05:00:00Z,0.1833333333333333,10.999999999999998,2,2025,Under 30 min
497,2025-03-01T05:42:00Z,2025-03-01T05:53:00Z,0.1833333333333333,10.999999999999998,1,2025,Under 30 min
498,2025-03-01T07:27:00Z,2025-03-01T07:55:00Z,0.4666666666666667,28.0,1,2025,Under 30 min
499,2025-03-01T08:35:00Z,2025-03-01T08:48:00Z,0.2166666666666666,12.999999999999995,1,2025,Under 30 min
500,2025-03-01T09:27:00Z,2025-03-01T09:42:00Z,0.25,15.0,1,2025,Under 30 min
501,2025-03-10T10:39:00Z,2025-03-10T11:00:00Z,0.3499999999999999,20.999999999999996,2,2025,Under 30 min
502,2025-03-17T06:36:00Z,2025-03-17T06:46:00Z,0.1666666666666666,9.999999999999996,1,2025,Under 30 min
503,2025-03-17T06:53:00Z,2025-03-17T07:03:00Z,0.1666666666666666,9.999999999999996,2,2025,Under 30 min
504,2025-03-17T07:44:00Z,2025-03-17T08:03:00Z,0.3166666666666666,18.999999999999996,2,2025,Under 30 min
505,2025-03-25T04:51:00Z,2025-03-25T05:25:00Z,0.5666666666666667,34.0,2,2025,30-59 min
506,2025-03-25T08:21:00Z,2025-03-25T08:44:00Z,0.3833333333333333,23.0,1,2025,Under 30 min
507,2025-03-25T13:44:00Z,2025-03-25T14:14:00Z,0.4999999999999999,29.999999999999993,2,2025,Under 30 min
508,2025-03-25T17:46:00Z,2025-03-25T17:55:00Z,0.15,9.0,1,2025,Under 30 min
509,2025-04-01T14:19:00Z,2025-04-01T14:30:00Z,0.1833333333333333,10.999999999999998,1,2025,Under 30 min
510,2025-05-01T09:55:00Z,2025-05-01T09:57:00Z,0.0333333333333333,1.9999999999999978,1,2025,Under 30 min
511,2025-05-21T13:03:00Z,2025-05-21T13:10:00Z,0.1166666666666666,6.999999999999996,1,2025,Under 30 min
512,2025-06-22T12:49:00Z,2025-06-22T12:52:00Z,0.05,3.0,1,2025,Under 30 min
513,2025-06-22T13:05:00Z,2025-06-22T13:14:00Z,0.15,9.0,1,2025,Under 30 min
514,2025-07-11T06:46:00Z,2025-07-11T07:20:00Z,0.5666666666666667,34.0,2,2025,30-59 min
515,2025-07-11T07:39:00Z,2025-07-11T08:44:00Z,1.0833333333333333,65.0,2,2025,1-2 hours
516,2025-07-11T09:29:00Z,2025-07-11T09:55:00Z,0.4333333333333333,25.999999999999996,1,2025,Under 30 min
517,2025-07-12T11:43:00Z,2025-07-12T12:19:00Z,0.6000000000000001,36.00000000000001,2,2025,30-59 min
518,2025-07-12T14:55:00Z,2025-07-12T15:02:00Z,0.1166666666666666,6.999999999999996,1,2025,Under 30 min
519,2025-07-29T13:23:00Z,2025-07-29T13:31:00Z,0.1333333333333333,7.999999999999998,1,2025,Under 30 min
520,2025-08-08T12:22:00Z,2025-08-08T12:31:00Z,0.15,9.0,1,2025,Under 30 min
521,2025-08-08T13:03:00Z,2025-08-08T13:31:00Z,0.4666666666666667,28.0,1,2025,Under 30 min
522,2025-08-13T13:55:00Z,2025-08-13T14:17:00Z,0.3666666666666666,21.999999999999996,1,2025,Under 30 min
523,2025-08-13T15:22:00Z,2025-08-13T15:27:00Z,0.0833333333333333,4.999999999999998,1,2025,Under 30 min
524,2025-09-02T13:52:00Z,2025-09-02T13:55:00Z,0.05,3.0,1,2025,Under 30 min
525,2025-09-02T14:09:00Z,2025-09-02T14:11:00Z,0.0333333333333333,1.9999999999999978,1,2025,Under 30 min
526,2025-09-06T06:02:00Z,2025-09-06T06:09:00Z,0.1166666666666666,6.999999999999996,1,2025,Under 30 min
527,2025-09-06T07:24:00Z,2025-09-06T07:31:00Z,0.1166666666666666,6.999999999999996,1,2025,Under 30 min
528,2025-09-22T11:42:00Z,2025-09-22T11:55:00Z,0.2166666666666666,12.999999999999995,1,2025,Under 30 min
529,2025-09-22T14:26:00Z,2025-09-22T14:46:00Z,0.3333333333333333,20.0,1,2025,Under 30 min
530,2025-09-23T09:59:00Z,2025-09-23T10:10:00Z,0.1833333333333333,10.999999999999998,1,2025,Under 30 min
531,2025-09-23T11:08:00Z,2025-09-23T11:22:00Z,0.2333333333333333,13.999999999999998,1,2025,Under 30 min
532,2025-10-05T11:55:00Z,2025-10-05T11:58:00Z,0.05,3.0,1,2025,Under 30 min
533,2025-10-18T11:40:00Z,2025-10-18T11:55:00Z,0.25,15.0,1,2025,Under 30 min
534,2025-10-21T07:55:00Z,2025-10-21T08:24:00Z,0.4833333333333333,28.999999999999996,1,2025,Under 30 min
535,2025-10-21T08:55:00Z,2025-10-21T09:35:00Z,0.6666666666666666,40.0,1,2025,30-59 min
536,2025-11-02T10:44:00Z,2025-11-02T10:46:00Z,0.0333333333333333,1.9999999999999978,1,2025,Under 30 min
537,2025-11-04T12:11:00Z,2025-11-04T12:19:00Z,0.1333333333333333,7.999999999999998,1,2025,Under 30 min
538,2025-11-10T17:11:00Z,2025-11-10T17:33:00Z,0.3666666666666666,21.999999999999996,1,2025,Under 30 min
539,2025-11-10T17:55:00Z,2025-11-10T18:16:00Z,0.35,21.0,1,2025,Under 30 min
540,2025-11-11T05:37:00Z,2025-11-11T05:52:00Z,0.25,15.0,1,2025,Under 30 min
541,2025-11-11T06:55:00Z,2025-11-11T07:01:00Z,0.1,6.0,1,2025,Under 30 min
542,2025-11-11T10:07:00Z,2025-11-11T10:26:00Z,0.3166666666666666,18.999999999999996,1,2025,Under 30 min
543,2025-11-11T10:53:00Z,2025-11-11T11:20:00Z,0.44999999999999996,26.999999999999996,2,2025,Under 30 min
544,2025-11-11T14:17:00Z,2025-11-11T14:55:00Z,0.6333333333333333,38.0,1,2025,30-59 min
545,2025-11-11T16:38:00Z,2025-11-11T16:45:00Z,0.1166666666666666,6.999999999999996,1,2025,Under 30 min
546,2025-11-16T06:06:00Z,2025-11-16T06:14:00Z,0.1333333333333333,7.999999999999998,1,2025,Under 30 min
547,2025-11-16T06:22:00Z,2025-11-16T06:32:00Z,0.1666666666666666,9.999999999999996,1,2025,Under 30 min
548,2025-11-16T07:55:00Z,2025-11-16T08:03:00Z,0.1333333333333333,7.999999999999998,1,2025,Under 30 min
549,2025-11-16T08:49:00Z,2025-11-16T08:55:00Z,0.1,6.0,1,2025,Under 30 min
550,2025-11-19T08:53:00Z,2025-11-19T08:55:00Z,0.0333333333333333,1.9999999999999978,1,2025,Under 30 min
551,2025-12-05T20:07:00Z,2025-12-05T21:07:00Z,1.0,60.0,1,2025,1-2 hours
552,2025-12-18T23:34:00Z,2025-12-18T23:43:00Z,0.15,9.0,1,2025,Under 30 min
553,2025-12-18T23:55:00Z,2025-12-19T00:03:00Z,0.1333333333333333,7.999999999999998,1,2025,Under 30 min
554,2025-12-28T13:42:00Z,2025-12-28T14:01:00Z,0.3166666666666666,18.999999999999996,2,2025,Under 30 min
555,2025-12-28T14:14:00Z,2025-12-28T14:52:00Z,0.6333333333333333,38.0,1,2025,30-59 min
